--Tablestructure
BEGIN
  -- Create Customers Table
  EXECUTE IMMEDIATE 'CREATE TABLE Customers (
    CustomerID NUMBER PRIMARY KEY,
    Name VARCHAR2(100),
    DOB DATE,
    Balance NUMBER,
    LastModified DATE
  )';

  -- Create Accounts Table
  EXECUTE IMMEDIATE 'CREATE TABLE Accounts (
    AccountID NUMBER PRIMARY KEY,
    CustomerID NUMBER,
    AccountType VARCHAR2(20),
    Balance NUMBER,
    LastModified DATE,
    FOREIGN KEY (CustomerID) REFERENCES Customers(CustomerID)
  )';

  -- Create Transactions Table
  EXECUTE IMMEDIATE 'CREATE TABLE Transactions (
    TransactionID NUMBER PRIMARY KEY,
    AccountID NUMBER,
    TransactionDate DATE,
    Amount NUMBER,
    TransactionType VARCHAR2(10),
    FOREIGN KEY (AccountID) REFERENCES Accounts(AccountID)
  )';

  -- Create Loans Table
  EXECUTE IMMEDIATE 'CREATE TABLE Loans (
    LoanID NUMBER PRIMARY KEY,
    CustomerID NUMBER,
    LoanAmount NUMBER,
    InterestRate NUMBER,
    StartDate DATE,
    EndDate DATE,
    FOREIGN KEY (CustomerID) REFERENCES Customers(CustomerID)
  )';

  -- Create Employees Table
  EXECUTE IMMEDIATE 'CREATE TABLE Employees (
    EmployeeID NUMBER PRIMARY KEY,
    Name VARCHAR2(100),
    Position VARCHAR2(50),
    Salary NUMBER,
    Department VARCHAR2(50),
    HireDate DATE
  )';
END;
/
BEGIN
  -- Insert into Customers
  INSERT INTO Customers (CustomerID, Name, DOB, Balance, LastModified)
  VALUES (1, 'John Doe', TO_DATE('1950-05-15', 'YYYY-MM-DD'), 1000, SYSDATE);

  INSERT INTO Customers (CustomerID, Name, DOB, Balance, LastModified)
  VALUES (2, 'Jane Smith', TO_DATE('1947-07-20', 'YYYY-MM-DD'), 1500, SYSDATE);

  -- Insert into Accounts
  INSERT INTO Accounts (AccountID, CustomerID, AccountType, Balance, LastModified)
  VALUES (1, 1, 'Savings', 1000, SYSDATE);

  INSERT INTO Accounts (AccountID, CustomerID, AccountType, Balance, LastModified)
  VALUES (2, 2, 'Checking', 1500, SYSDATE);

  -- Insert into Transactions
  INSERT INTO Transactions (TransactionID, AccountID, TransactionDate, Amount, TransactionType)
  VALUES (1, 1, SYSDATE, 200, 'Deposit');

  INSERT INTO Transactions (TransactionID, AccountID, TransactionDate, Amount, TransactionType)
  VALUES (2, 2, SYSDATE, 300, 'Withdrawal');

  -- Insert into Loans
  INSERT INTO Loans (LoanID, CustomerID, LoanAmount, InterestRate, StartDate, EndDate)
  VALUES (1, 1, 5000, 5, SYSDATE, ADD_MONTHS(SYSDATE, 60));
  INSERT INTO Loans (LoanID, CustomerID, LoanAmount, InterestRate, StartDate, EndDate)
  VALUES (2, 2, 5000, 10, SYSDATE, ADD_MONTHS(SYSDATE, 60));

  -- Insert into Employees
  INSERT INTO Employees (EmployeeID, Name, Position, Salary, Department, HireDate)
  VALUES (1, 'Alice Johnson', 'Manager', 70000, 'HR', TO_DATE('1900-07-20', 'YYYY-MM-DD'));

  INSERT INTO Employees (EmployeeID, Name, Position, Salary, Department, HireDate)
  VALUES (2, 'Bob Brown', 'Developer', 60000, 'IT', TO_DATE('2017-03-20', 'YYYY-MM-DD'));
END;
/

 --Ex5 Scenario 1: Create the AuditLog Table
 
CREATE OR REPLACE TRIGGER UpdateCustomerLastModified
BEFORE UPDATE ON Customers
FOR EACH ROW
BEGIN
  :NEW.LastModified := SYSDATE;  -- Set LastModified to the current date
END;
/
--Ex5 Scenario 2: Create the Trigger

CREATE TABLE AuditLog (
  AuditID NUMBER GENERATED BY DEFAULT AS IDENTITY PRIMARY KEY,
  TransactionID NUMBER,
  TransactionDate DATE,
  Amount NUMBER,
  TransactionType VARCHAR2(10),
  Operation VARCHAR2(10),
  LogDate DATE
);
CREATE OR REPLACE TRIGGER LogTransaction
AFTER INSERT ON Transactions
FOR EACH ROW
BEGIN
  INSERT INTO AuditLog (
    TransactionID,
    TransactionDate,
    Amount,
    TransactionType,
    Operation,
    LogDate
  )
  VALUES (
    :NEW.TransactionID,
    :NEW.TransactionDate,
    :NEW.Amount,
    :NEW.TransactionType,
    'INSERT',
    SYSDATE
  );
END;
/
BEGIN
  -- Enable DBMS_OUTPUT
  DBMS_OUTPUT.ENABLE;

  -- Insert transactions
  INSERT INTO Transactions (TransactionID, AccountID, TransactionDate, Amount, TransactionType)
  VALUES (7, 1, SYSDATE, 150, 'Deposit');
  DBMS_OUTPUT.PUT_LINE('Inserting deposits successful for AccountID 1');

  INSERT INTO Transactions (TransactionID, AccountID, TransactionDate, Amount, TransactionType)
  VALUES (8, 2, SYSDATE, 200, 'Withdrawal');
  DBMS_OUTPUT.PUT_LINE('Inserting withdrawal successful for AccountID 2');

  -- Check the AuditLog table
  FOR rec IN (SELECT * FROM AuditLog) LOOP
    DBMS_OUTPUT.PUT_LINE('AuditID: ' || rec.AuditID || 
                         ', TransactionID: ' || rec.TransactionID || 
                         ', TransactionDate: ' || rec.TransactionDate || 
                         ', Amount: ' || rec.Amount || 
                         ', TransactionType: ' || rec.TransactionType || 
                         ', Operation: ' || rec.Operation || 
                         ', LogDate: ' || rec.LogDate);
  END LOOP;
END;
/
--Ex5 Scenario3: Enforce Business Rules on Transactions

CREATE OR REPLACE TRIGGER CheckTransactionRules
BEFORE INSERT ON Transactions
FOR EACH ROW
DECLARE
    current_balance Accounts.Balance%TYPE;
BEGIN
    SELECT Balance
    INTO current_balance
    FROM Accounts
    WHERE AccountID = :NEW.AccountID;

    IF :NEW.TransactionType = 'Withdrawal' THEN
        IF :NEW.Amount > current_balance THEN
            RAISE_APPLICATION_ERROR(-20001, 'Insufficient balance for withdrawal.');
        END IF;
    ELSIF :NEW.TransactionType = 'Deposit' THEN
        IF :NEW.Amount <= 0 THEN
            RAISE_APPLICATION_ERROR(-20002, 'Deposit amount must be positive.');
        END IF;
    ELSE
        RAISE_APPLICATION_ERROR(-20003, 'Invalid transaction type. Must be "Deposit" or "Withdrawal".');
    END IF;
END;
/

BEGIN
  DBMS_OUTPUT.ENABLE;

  INSERT INTO Transactions (TransactionID, AccountID, TransactionDate, Amount, TransactionType)
  VALUES (3, 1, SYSDATE, 200, 'Deposit');
  DBMS_OUTPUT.PUT_LINE('Insert deposit successful for AccountID 1');

  INSERT INTO Transactions (TransactionID, AccountID, TransactionDate, Amount, TransactionType)
  VALUES (4, 2, SYSDATE, 1000, 'Withdrawal');
  DBMS_OUTPUT.PUT_LINE('Insert withdrawal successful for AccountID 2');

  BEGIN
    INSERT INTO Transactions (TransactionID, AccountID, TransactionDate, Amount, TransactionType)
    VALUES (5, 1, SYSDATE, -100, 'Deposit');
  EXCEPTION
    WHEN OTHERS THEN
      DBMS_OUTPUT.PUT_LINE('Error: ' || SQLERRM);
  END;

  BEGIN
    INSERT INTO Transactions (TransactionID, AccountID, TransactionDate, Amount, TransactionType)
    VALUES (6, 1, SYSDATE, 600, 'Withdrawal');
  EXCEPTION
    WHEN OTHERS THEN
      DBMS_OUTPUT.PUT_LINE('Error: ' || SQLERRM);
  END;

END;
/